Mountain,State,Mountain Range,Elevation (m),Location
Denali,Alaska,Alaska Range,6190.5,63.0690°N 151.0063°W
Mount Saint Elias,Alaska,Saint Elias Mountains,5489.0,60.2927°N 140.9307°W
Mount Foraker,Alaska,Alaska Range,5304.0,62.9604°N 151.3998°W
Mount Bona,Alaska,Saint Elias Mountains,5044.0,61.3856°N 141.7495°W
Mount Blackburn,Alaska,Wrangell Mountains,4996.0,61.7305°N 143.4031°W
Mount Sanford,Alaska,Wrangell Mountains,4949.0,62.2132°N 144.1292°W
Mount Fairweather,Alaska,Saint Elias Mountains,4671.0,58.9064°N 137.5265°W
Mount Hubbard,Alaska,Saint Elias Mountains,4557.0,60.3194°N 139.0726°W
Mount Bear,Alaska,Saint Elias Mountains,4520.0,61.2834°N 141.1433°W
Mount Hunter,Alaska,Alaska Range,4442.0,62.9504°N 151.0915°W
Mount Whitney,California,Sierra Nevada,4421.0,36.5786°N 118.2920°W
Mount Alverstone,Alaska,Saint Elias Mountains,4420.0,60.3518°N 139.0749°W
University Peak,Alaska,Saint Elias Mountains,4410.0,61.3272°N 141.7867°W
Mount Elbert,Colorado,Sawatch Range,4401.2,39.1178°N 106.4454°W
Mount Massive,Colorado,Sawatch Range,4398.0,39.1875°N 106.4757°W
Mount Harvard,Colorado,Sawatch Range,4395.6,38.9244°N 106.3207°W
Mount Rainier,Washington,Cascade Range,4394.0,46.8529°N 121.7604°W
Mount Williamson,California,Sierra Nevada,4383.0,36.6559°N 118.3111°W
Blanca Peak,Colorado,Sangre de Cristo Mountains,4374.0,37.5775°N 105.4856°W
La Plata Peak,Colorado,Sawatch Range,4372.0,39.0294°N 106.4729°W
Uncompahgre Peak,Colorado,San Juan Mountains,4365.0,38.0717°N 107.4621°W
Crestone Peak,Colorado,Sangre de Cristo Range,4359.0,37.9669°N 105.5855°W
Mount Lincoln,Colorado,Mosquito Range,4356.5,39.3515°N 106.1116°W
Castle Peak,Colorado,Elk Mountains,4352.2,39.0097°N 106.8614°W
Grays Peak,Colorado,Front Range,4352.0,39.6339°N 105.8176°W
Mount Antero,Colorado,Sawatch Range,4351.4,38.6741°N 106.2462°W
Mount Evans,Colorado,Front Range,4350.0,39.5883°N 105.6438°W
Longs Peak,Colorado,Front Range,4346.0,40.2550°N 105.6151°W
Mount Wilson,Colorado,San Miguel Mountains,4344.0,37.8391°N 107.9916°W
White Mountain Peak,California,White Mountains,4344.0,37.6341°N 118.2557°W
North Palisade,California,Sierra Nevada,4343.0,37.0943°N 118.5145°W
Mount Princeton,Colorado,Sawatch Range,4329.3,38.7492°N 106.2424°W
Mount Yale,Colorado,Sawatch Range,4328.2,38.8442°N 106.3138°W
Mount Shasta,California,Cascade Range,4321.8,41.4092°N 122.1949°W
Maroon Peak,Colorado,Elk Mountains,4317.0,39.0708°N 106.9890°W
Mount Wrangell,Alaska,Wrangell Mountains,4317.0,62.0059°N 144.0187°W
Mount Sneffels,Colorado,Sneffels Range,4315.4,38.0038°N 107.7923°W
Capitol Peak,Colorado,Elk Mountains,4309.0,39.1503°N 107.0829°W
Pikes Peak,Colorado,Front Range,4302.31,38.8405°N 105.0442°W
Windom Peak,Colorado,Needle Mountains,4296.0,37.6212°N 107.5919°W
Mount Augusta,Alaska,Saint Elias Mountains,4289.0,60.3074°N 140.4584°W
Handies Peak,Colorado,San Juan Mountains,4284.8,37.9130°N 107.5044°W
Culebra Peak,Colorado,Culebra Range,4283.0,37.1224°N 105.1858°W
San Luis Peak,Colorado,La Garita Mountains,4273.8,37.9868°N 106.9313°W
Mount of the Holy Cross,Colorado,Sawatch Range,4270.5,39.4668°N 106.4817°W
Grizzly Peak,Colorado,Sawatch Range,4265.6,39.0425°N 106.5976°W
Mount Humphreys,California,Sierra Nevada,4265.0,37.2705°N 118.6730°W
Mount Keith,California,Sierra Nevada,4262.0,36.7001°N 118.3436°W
Mount Ouray,Colorado,Sawatch Range,4255.4,38.4227°N 106.2247°W
Vermilion Peak,Colorado,San Juan Mountains,4237.0,37.7993°N 107.8285°W
Atna Peaks,Alaska,Wrangell Mountains,4225.0,61.7495°N 143.2414°W
Regal Mountain,Alaska,Wrangell Mountains,4220.0,61.7438°N 142.8675°W
Mount Darwin,California,Sierra Nevada,4218.0,37.1669°N 118.6721°W
Mount Hayes,Alaska,Alaska Range,4216.0,63.6203°N 146.7178°W
Mount Silverheels,Colorado,Front Range,4215.0,39.3394°N 106.0054°W
Rio Grande Pyramid,Colorado,San Juan Mountains,4214.4,37.6797°N 107.3924°W
Gannett Peak,Wyoming,Wind River Range,4209.1,43.1842°N 109.6542°W
Mount Kaweah,California,Sierra Nevada,4209.0,36.5261°N 118.4785°W
Mauna Kea,Hawaii,Island of Hawaiʻi,4207.3,19.8207°N 155.4681°W
Grand Teton,Wyoming,Teton Range,4198.7,43.7412°N 110.8024°W
Mount Cook,Alaska,Saint Elias Mountains,4194.0,60.1816°N 139.9811°W
Mount Morgan,California,Sierra Nevada,4193.4,37.4053°N 118.7329°W
Mount Gabb,California,Sierra Nevada,4190.0,37.3769°N 118.8025°W
Bald Mountain,Colorado,Front Range,4173.0,39.4448°N 105.9705°W
Mount Oso,Colorado,San Juan Mountains,4173.0,37.6070°N 107.4936°W
Mauna Loa,Hawaii,Island of Hawaiʻi,4169.0,19.4756°N 155.6054°W
Mount Jackson,Colorado,Sawatch Range,4168.5,39.4853°N 106.5367°W
Mount Tom,California,Sierra Nevada,4163.0,37.3762°N 119.1789°W
Bard Peak,Colorado,Front Range,4159.0,39.7204°N 105.8044°W
West Spanish Peak,Colorado,Spanish Peaks,4155.0,37.3756°N 104.9934°W
Mount Powell,Colorado,Gore Range,4141.0,39.7601°N 106.3407°W
Hagues Peak,Colorado,Mummy Range,4137.0,40.4845°N 105.6464°W
Mount Dubois,California,White Mountains,4135.0,37.7834°N 118.3432°W
Tower Mountain,Colorado,San Juan Mountains,4132.0,37.8573°N 107.6230°W
Treasure Mountain,Colorado,Elk Mountains,4125.0,39.0244°N 107.1228°W
